name,city,state,event_date,start_time,end_time,venue,club_name,instructor_name,event_type,beginner_friendly,price,registration_url,source_url,last_verified_at,status
Daytime American Mahjong Free Play,Seattle,WA,2026-10-12,13:00,,SJCC Makom,American Mahjong at the J,,OPEN_PLAY,FALSE,,https://sjcc.org/event/daytime-drop-in-mahjong/2026-10-12/,https://sjcc.org/event/daytime-drop-in-mahjong/2026-10-12/,2026-10-09,ACTIVE
Evening Mahjong Free Play,Seattle,WA,2026-10-12,18:00,,SJCC Makom,American Mahjong at the J,,OPEN_PLAY,FALSE,,https://sjcc.org/event/evening-mahjong-free-play/2026-10-12/,https://sjcc.org/event/evening-mahjong-free-play/2026-10-12/,2026-10-09,ACTIVE
October Beginner Mahjong Class,Seattle,WA,2026-10-12,18:00,,SJCC Makom,American Mahjong at the J,,LESSON,TRUE,,https://sjcc.org/event/october-beginner-mahjong-class/,https://sjcc.org/event/october-beginner-mahjong-class/,2026-10-09,ACTIVE
Daytime American Mahjong Free Play,Seattle,WA,2026-10-19,13:00,,SJCC Makom,American Mahjong at the J,,OPEN_PLAY,FALSE,,https://sjcc.org/event/daytime-drop-in-mahjong/2026-10-19/,https://sjcc.org/event/daytime-drop-in-mahjong/2026-10-19/,2026-10-09,ACTIVE
Evening Mahjong Free Play,Seattle,WA,2026-10-19,18:00,,SJCC Makom,American Mahjong at the J,,OPEN_PLAY,FALSE,,https://sjcc.org/event/evening-mahjong-free-play/2026-10-19/,https://sjcc.org/event/evening-mahjong-free-play/2026-10-19/,2026-10-09,ACTIVE
Daytime American Mahjong Free Play,Seattle,WA,2026-10-26,13:00,,SJCC Makom,American Mahjong at the J,,OPEN_PLAY,FALSE,,https://sjcc.org/event/daytime-drop-in-mahjong/2026-10-26/,https://sjcc.org/event/daytime-drop-in-mahjong/2026-10-26/,2026-10-09,ACTIVE
Evening Mahjong Free Play,Seattle,WA,2026-10-26,18:00,,SJCC Makom,American Mahjong at the J,,OPEN_PLAY,FALSE,,https://sjcc.org/event/evening-mahjong-free-play/2026-10-26/,https://sjcc.org/event/evening-mahjong-free-play/2026-10-26/,2026-10-09,ACTIVE
Daytime American Mahjong Free Play,Seattle,WA,2026-11-02,13:00,,SJCC Makom,American Mahjong at the J,,OPEN_PLAY,FALSE,,https://sjcc.org/event/daytime-drop-in-mahjong/2026-11-02/,https://sjcc.org/event/daytime-drop-in-mahjong/2026-11-02/,2026-10-09,ACTIVE
Evening Mahjong Free Play,Seattle,WA,2026-11-02,18:00,,SJCC Makom,American Mahjong at the J,,OPEN_PLAY,FALSE,,https://sjcc.org/event/evening-mahjong-free-play/2026-11-02/,https://sjcc.org/event/evening-mahjong-free-play/2026-11-02/,2026-10-09,ACTIVE
November Beginner Mahjong Class,Seattle,WA,2026-11-02,18:00,,SJCC Makom,American Mahjong at the J,,LESSON,TRUE,,https://sjcc.org/event/november-beginner-mahjong-class/,https://sjcc.org/event/november-beginner-mahjong-class/,2026-10-09,ACTIVE
