where,quote,issue,suggested_fix,certainty,priority
Charleston > intro,"The Charleston happens at the very start of every hand, before anyone draws or discards.","The page never introduces the term in the bold-term pattern from your voice guide. ""Hand"" is also doing double duty (one round of play vs. the tiles you hold), which can trip up a beginner in the very first line. See the sitewide note on ""hand"" below.","The **Charleston** is a set of tile swaps at the very start of every round, before anyone draws or discards.",Fairly sure,Medium
Charleston > Why it exists,"You're dealt 13 tiles at random, so most starting hands aren't close to any hand on the card.","""The card"" isn't explained anywhere on this page. Your brief says each article should stand alone for someone who lands on it from Google.","You're dealt 13 tiles at random, so most starting hands aren't close to any hand on the card (the yearly list of winning hands from the National Mah Jongg League).",Sure,Medium
Charleston > How it works,"In the first round, you pass to your right, then across the table, then to your left, and you receive three tiles from the other players each time.",Ambiguous. It reads as if all three players hand you tiles at once. A beginner won't know who is passing to her.,"In the first round, you pass to your right, then across the table, then to your left. Each time you pass, another player passes three tiles to you.",Sure,High
Charleston > How it works,This first round is required.,"The rule comes after the details, so the reader learns it last. A small reorder reads more naturally.","Move it up: ""The first round is required. You pass to your right, then across the table, then to your left.""",Fairly sure,Low
Charleston > How it works,"On the last pass, you may pass ""blind"": you can hand along tiles you just received without looking at them.","""May"" sounds a little formal here. Separate question for your rules expert: this sentence sits only in the first-round paragraph, so readers may assume a blind pass isn't allowed in the second round.","On the last pass, you can pass ""blind,"" which means passing along tiles you just received without looking at them.",Please double-check,Low
Charleston > How it works,"If anyone says no, you skip straight to play.","This conflicts with the next paragraph, which describes a courtesy pass after the Charleston. A reader could take it to mean a ""no"" cancels the courtesy pass too. Rule question for your expert.","If anyone says no, you skip the second round.",Please double-check,High
Charleston > How it works,"After the Charleston, players sitting across from each other may agree to a courtesy pass, swapping anywhere from zero to three tiles.","""Zero"" sounds odd, since you can't swap zero tiles. ""Courtesy pass"" is new vocabulary and should get the bold-term treatment.","After that, you and the player across from you can agree to a **courtesy pass**, one last swap of up to three tiles.",Fairly sure,Medium
Charleston > How it works,You don't have to pass your best tiles — the whole point is to let go of tiles you don't need and hope for something more useful in return.,"It answers a worry beginners don't really have, so it reads a bit off. Lead with the advice instead.",The idea is to let go of tiles you don't need and hope for something more useful in return.,Fairly sure,Medium
Charleston > What to pass,Hang on to pairs and anything that shows up in several hands on the card — those are worth keeping until you're sure you won't need them.,"""Hang on to"" and ""worth keeping"" say the same thing. ""Pairs"" isn't defined on this page.","Hang on to pairs (two matching tiles) and any tile that shows up in several hands on the card, at least until you're sure you won't need them.",Sure,Low
Charleston > After the Charleston,"Once passing is done, regular play begins: the dealer discards first, and turns move around the table from there.",Doesn't say which way turns go. The Rules page says counterclockwise; one clause fixes it here.,"Once passing is done, regular play begins. The dealer discards first, and turns move to the right (counterclockwise) from there.",Please double-check,Low
Scoring > Where points come from,Every hand listed on the NMJL card has a point value printed right next to it — that's what you're playing for.,"NMJL isn't spelled out on first use on this page. ""That's what you're playing for"" is vague (points? money?), and the sentence works without it.",Every hand on the National Mah Jongg League (NMJL) card has a point value printed next to it.,Sure,Medium
Scoring > Where points come from,"Check your current card for the exact numbers, since they can change year to year.",Small idiom fix.,"Check your current card for the exact numbers, since they can change from year to year.",Sure,Low
Scoring > Concealed vs. exposed hands,"Some hands on the card have to be played concealed, which means you haven't exposed any groups.","The tense is off (""haven't"" points to the past), and ""exposed"" isn't defined on this page.","Some hands must be played **concealed**, which means you keep all your tiles on your rack and don't set any groups face-up on the table.",Fairly sure,Medium
Scoring > Concealed vs. exposed hands,"They are often worth more, but they're harder to complete, since you can't call tiles to speed things along.","Possibly misleading. As I understand it, you can still call the final tile to win with a concealed hand. Not my call; please have your rules expert check. Also, ""They are"" next to ""they're"" in the same sentence; your brief favors contractions.","They're often worth more, but they're harder to complete, since you can't call discards to build them. (Expert to confirm whether to add: ""except the tile that wins."")",Please double-check,High
Scoring > Concealed vs. exposed hands,(section heading) Concealed vs. exposed hands,"The section never explains exposed hands, so the ""vs."" in the heading doesn't pay off.","Add one sentence after the concealed explanation, e.g. ""Hands marked X can include exposed groups."" (Expert to confirm the marking.)",Please double-check,Medium
Scoring > Who pays whom,(whole paragraph),"Five rules are packed into one paragraph. Your brief asks for short lists for steps like this. Also, ""Under the standard rules"" and ""Your card and your group will tell you which of these apply"" pull in opposite directions: is this the standard or isn't it?","When someone wins, the other three players pay the winner directly. There's no shared pot. Here's how much each person pays:
- If you threw the tile that completed the winning hand, you pay double. The other two players pay the regular amount.
- If the winner drew the winning tile from the wall, all three players pay double.
- Many hands also pay double if the winner used no jokers.
Some groups add their own house rules, so it's worth asking before you start.",Fairly sure,Medium
Scoring > Who pays whom,Many hands also pay double when played without any jokers.,"Rule question, not wording: readers will wonder whether the doubles stack (for example, no jokers plus a self-drawn tile). Worth one sentence if your expert can confirm.",(Expert to advise.),Please double-check,Low
Scoring > Getting comfortable with it,It gets natural fast once you've seen it happen a few times.,"""Gets natural fast"" isn't idiomatic, and ""a few times"" repeats from the sentence before.","After you've seen it a couple of times, it starts to feel natural.",Sure,Medium
Scoring > Getting comfortable with it,"Scoring feels like a lot at first, but most tables are happy to walk you through it the first few times you win or lose a hand.","""Feels like a lot"" also opens the Beginner Guide. Fine on its own, but repetitive if someone reads both pages.","Scoring can seem complicated at first, but most tables are happy to walk you through it the first few times you win or lose a hand.",Fairly sure,Low
"Sitewide > ""hand"" vs. ""round""","Charleston: ""start of every hand"" / Scoring: ""When a hand ends"" / Terms > Wall Game: ""A round that ends...""","""Hand"" means both the tiles you hold and one round of play. Experienced players use it both ways, but a beginner reading ""the hand isn't quite over"" next to ""your hand matches the card"" may stumble.","Pick one: use ""round"" for one deal and ""hand"" for your tiles, or keep both meanings and define them in Terms.",Fairly sure,Medium
Sitewide > Terminology,American Mahjong / Mah Jongg / NMJL / the card,"In my earlier note I suggested lowercase ""mahjong"" per AP. Since your brief and the site name both use ""American Mahjong"" with a capital M, that's a perfectly good house style. Keep it and just be consistent.","Term list: ""American Mahjong"" for the game. ""Mah Jongg"" only in proper names and program titles (National Mah Jongg League, ""Learn to Play Mah Jongg""). Spell out ""National Mah Jongg League (NMJL)"" on first use on every page. ""The card"" lowercase in body text; ""The Card"" is fine as a glossary heading.",Sure,Medium
Sitewide > Terms (glossary),open play / guided play,"These two terms appear on almost every city page but aren't in the Terms glossary. A newcomer won't know the difference, and it's exactly what decides where she should go first.","Add two entries (expert to confirm):
**Open play** — Casual games that anyone who knows the rules can join, usually without a teacher.
**Guided play** — Games with a teacher at or near the table who helps as you go.
As a modifier, keep the hyphen (""open-play socials""), as the intros already do.",Fairly sure,High
Sitewide > Serial comma,"Learn: ""Bams, Dots, and Craks"" / Intros: ""Alpharetta, Roswell and Milton""",The Learn guides use the serial comma and the city intros don't. AP drops it; Chicago keeps it.,"If you're going with AP, remove the serial comma from the Learn guides.",Sure,Low
City intros > openers (about 13 cities),Birmingham's listings center on two community sites.,"""[City]'s listings center on,"" ""is centered on"" and ""is built around"" open about 13 intros. ""Listings"" also describes the website rather than the city, which makes the pages sound like a database.","Vary the openers using the three structures below. Keep ""listings"" for places where you're being upfront about coverage (New York, San Francisco), where it does real work.",Sure,Medium
"City intros > ""If you are new"" (16 cities)","If you are new, the two-part series is a good place to start.","""If you are new"" / ""If you're new"" appears in 16 intros, with and without the contraction.","Use the contraction everywhere. Cut the line when the paragraph already makes the beginner option clear, and vary it where you keep it (""If you've never played..."", ""For a first lesson..."").",Sure,Medium
City intros > closers (about 9 cities),Check the event pages for the current location and dates before you go.,The same generic advice closes many intros. Readers who browse a few cities will notice it.,"Move it to one sitewide line near the listings, e.g. ""Times and places change, so check the event page before you go."" Keep only city-specific cautions, which are genuinely useful: Kansas City and Phoenix (confirm the style), Fort Worth (series pricing).",Sure,Medium
"City intros > ""good first step"" etc. (about 11 cities)","If you're new, a beginner lesson is a good first step.","""Good first step,"" ""good fit"" and ""good place to start"" are vague and read like soft endorsements of a business you haven't vetted.","Say who it's for instead: ""made for people who've never played,"" ""for players who know the basics.""",Fairly sure,Low
"City intros > Los Angeles, New York, Philadelphia","In Los Angeles, our listings center on two groups...","""Our"" and ""we"" appear in only three or four intros.","Pick one: a light ""we"" voice throughout, or none.",Sure,Low
"City intros > Houston, Richmond, Los Angeles, Seattle",Houston Mahjong Club runs an NMJL league...,NMJL isn't spelled out. Each city page is its own landing page.,"""...runs a National Mah Jongg League (NMJL) league..."" (or rephrase to avoid ""league league"": ""runs a league that plays by National Mah Jongg League rules"")",Sure,Medium
"City intros > Memphis, Sacramento, San Francisco",...teach American Mah Jongg... / ...American Mah Jongg classes... / ...American Mah Jongg social play...,"Used in running text, not as a proper name. If these are the programs' actual titles, fine; otherwise use ""American Mahjong.""",Check against each listing.,Please double-check,Low
"City intros > Atlanta (Structure C: learn, then play)",(full paragraph),"Sample rewrite. Opens with what makes the city easy to navigate, then follows the path from lesson to regular play. No closing advice line needed.","In Atlanta, the same groups that teach beginners also host social play. Le Mahj Club teaches 101 and 102 beginner lessons and hosts casual open-play socials around Alpharetta, Roswell and Milton. In Buckhead, Mahj Studios is a membership club where you can take beginner lessons, try guided play and come back for socials. Several independent instructors also teach American Mahjong across the metro.",Sure,Medium
City intros > Birmingham (Structure B: lead with the place),(full paragraph),"Sample rewrite. Opens on a concrete venue instead of ""listings."" I dropped the ""check the event pages"" closer, assuming it moves to a sitewide line.","At the Levite Jewish Community Center in Birmingham, open play is free, and a multi-part Mahjong 101 series teaches the basics. In Mountain Brook, O'Neal Library hosts a recurring meetup that plays from the National Mah Jongg League card, with a beginner lesson on the first Monday. Both are set up for newcomers.",Sure,Medium
City intros > Boise (Structure A: start with the newcomer),(full paragraph),"Sample rewrite. Opens with what a beginner should do, then widens out.","If you're just starting out in Boise, look for the two-part introductory series from Mahjong at the Local. It meets at LOCAL Boise downtown and teaches from the National Mah Jongg League card. If you'd rather learn privately, OK LET'S MAHJONG offers private lessons, and it hosts community events too. Dates and sign-up details are on each event page.",Sure,Medium
City intros > Buffalo (Structure B: lead with the place),(full paragraph),"Sample rewrite. Course title keeps its own spelling (""Mah Jongg"") since it's a proper name.","The JCC in Getzville is home base for American Mahjong around Buffalo. Through the fall, Macia Sheibley leads a weekly Learn to Play Mah Jongg course there, and the official card is included. If you've never played, the course is a natural place to start. Once you know the game, you can join the JCC's Tuesday open play. Upcoming dates and sign-up details are on the JCC's program page.",Sure,Medium
City intros > Hartford (Structure A: start with the newcomer),(full paragraph),"Sample rewrite. Keeps the card reminder because it's specific to this venue. Note: the original says to take 101 and then join open studio, so I kept 102 as optional rather than implying it's required first.","Beginners in the Hartford area can learn the game at a local bookshop. River Bend Bookshop in West Hartford hosts Linda Houde's American Mah Jongg 101 course, and you can join the shop's regular open studio night when you're ready to practice. A 102 intermediate course is there when you want to go further. Bring a current National Mah Jongg League card, since the bookshop's event pages ask for one. Those pages also list the next course dates.",Sure,Medium
